Journal Acronym,Alt Acronym 1,Alt Acronym 2,Journal Acronym2
ABAC,ABAC,ABAC,ABAC
FSH,FSH,FSH,FSH
ACEM,ACEM,ACEM,ACEM
ACFI,ACFI,ACFI,ACFI
APR,APR,APR,APR
ACEN,ACEP,ACE6,ACEN
AAS,AAS,AAS,AAS
AAR,AAR,AAR,AAR
AYC,AYC,AYC,AYC
AYA,AYA,AYA,AYA
AYB,AYB,AYB,AYB
AYD,AYD,AYD,AYD
AYF,AYF2,AYF2,AYF
ACGS,ACGS,ACGS,ACGS
ANE,ANE,ANE,ANE
AOGS,AOGS,AOGS,AOGS
AOS,AOS,AOS,AOS
APA,APA,APA,APA
APHA,APHA,APHA,APHA
ACPS,ACP,ACP,ACPS
AZO,AZO,AZO,AZO
AMS2,AMS2,AMS2,AMS2
ADD,ADD,ADD,ADD
ADB,ADB,ADB,ADB
ADSP,ADSP,ADSP,ADSP
AELM,2707,E707,AELM
AENM,2528,2528,AENM
ADEM,2266,2266,ADEM
ADFM,2126,2126,ADFM
AHM,2087,E087,AHM
ADMA,2089,2089,ADMA
ADMI,2706,E706,ADMI
ADMT,2767,E767,ADMT
ADOM,2298,E298,ADOM
ADVS,2749,E749,ADVS
ADSC,2258,2258,ADSC
ADV,ADV,ADV,ADV
ARBE,ARBE,ARBE,ARBE
ARBP,ARBP,ARBP,ARBP
AFDR,AFDR,AFDR,AFDR
AJE,AJE,AJE,AJE
AJB2,AJB2,AJB2,AJB2
AB,AB,AB,AB
ACEL,ACEL,ACEL,ACEL
AGR,AGR,AGR,AGR
AFE,AFE,AFE,AFE
AGEC,AGEC,AGEC,AGEC
AIC,AIC,AIC,AIC
ADAW,ADAW,ADAW,ADAW
ACER,ACER,ACER,ACER
APT,APT,APT,APT
ALL,ALL,ALL,ALL
ALT,ALT,ALT,ALT
AMAN,AMAN,AMAN,AMAN
ABLJ,ABLJ,ABLJ,ABLJ
AMET,AMET,AMET,AMET
AJCP,AJCP,AJCP,AJCP
AJH,AJH,AJH,AJH
AJHB,AJHB,AJHB,AJHB
AJIM,AJIM,AJIM,AJIM
AJMG.A,AJMG,AJMG,AJMG.A
AJMG.B,AJMG.B,AJMG.B,AJMG.B
AJMG.C,AJMG.C,AJMG.C,AJMG.C
AJPA,AJPA,AJPA,AJPA
AJPS,AJPS,AJPS,AJPS
AJP,AJP,AJP,AJP
AJI,AJI,AJI,AJI
AJT,AJT,AJT,AJT
ANAE,ANAE,ANAE,ANAE
ASAP,ASAP,ASAP,ASAP
PHIB,PHIB,PHIB,PHIB
AHE,AHE,AHE,AHE
ASE,ASE,ASE,ASE
AND,AND,AND,AND
ANDR,ANDR,ANDR,ANDR
ANGE,2001,2001,ANGE
ANIE,2002,2002,ANIE
ACV,ACV,ACV,ACV
AGE,AGE,AGE,AGE
ASJ,ASJ,ASJ,ASJ
ANDP,2257,2257,ANDP
NAPA,AAP,AAP,NAPA
AAB,AAB,AAB,AAB
ACN3,ACTN,ACTN,ACN3
AHG,AHG,AHG,AHG
ANA,ANA,ANA,ANA
ANEC,ANEC,ANEC,ANEC
APCE,APCE,APCE,APCE
NYAS,NYAS,NYAS,NYAS
AEQ,AEQ,AEQ,AEQ
ANHU,ANHU,ANHU,ANHU
ANNE,ANNE,ANNE,ANNE
ANOC,ANOC,ANOC,ANOC
AWR,AWR,AWR,AWR
ANTH,ANTH,ANTH,ANTH
ANTI,ANTI,ANTI,ANTI
ANS,ANS,ANS,ANS
APM,APM,APM,APM
ACP,ACP,ACP,ACP
AOC,AOC,AOC,AOC
APPS,APPS,APPS,APPS
APHW,APHW,APHW,APHW
ASMB,ASMB,ASMB,ASMB
AVSC,AVSC,AVSC,AVSC
ANU,ANU,ANU,ANU
ARE,ARE,ARE,ARE
AQC,AQC,AQC,AQC
AAE,AAE,AAE,AAE
ARP,ARP,ARP,ARP
ARCO,ARCO,ARCO,ARCO
ARCM,ARCM,ARCM,ARCM
APAA,APAA,APAA,APAA
AD,AD,AD,AD
ARDP,2019,2019,ARDP
ARCH,ARCH,ARCH,ARCH
AREA,AREA,AREA,AREA
CCH3,CCH3,CCH3,CCH3
AHIS,AHIS,AHIS,AHIS
ART,ART,ART,ART
ACR,ACR,ACR,ACR
AOR,AOR,AOR,AOR
AEHE,AEHE,AEHE,AEHE
APP5,APP5,APP5,APP5
APHR,APHR,APHR,APHR
APV,APV,APV,APV
ASEJ,ASEJ,ASEJ,ASEJ
AEPR,AEPR,AEPR,AEPR
ASJC,ASJC,ASJC,ASJC
ASES,ASES,ASES,ASES
AJOC,2157,2157,AJOC
AJSP,AJSP,AJSP,AJSP
ASPP,ASPP,ASPP,ASPP
ASWP,ASWP,ASWP,ASWP
APEL,APEL,APEL,APEL
APJ,APJ,APJ,APJ
AJCO,AJCO,AJCO,AJCO
AJFS,AJFS,AJFS,AJFS
APPY,APPY,APPY,APPY
AU,AU,AU,AU
ASNA,2228,2228,ASNA
ASL,ASL2,ASL2,ASL
AEC,AEC,AEC,AEC
AEN,AEN,AEN,AEN
AJD,AJD,AJD,AJD
AJUM,AJU2,AJU2,AJUM
AJAG,AJA,AJA,AJAG
ANZS,ANZS,ANZS,ANZS
AUAR,AUAR,AUAR,AUAR
ANZF,ANZF,ANZF,ANZF
AZPH,AZPH,AZPH,AZPH
ADJ,ADJ,ADJ,ADJ
AEHR,AEHR,AEHR,AEHR
AEPA,AEPA,AEPA,AEPA
AEJ,AEJ,AEJ,AEJ
AJGW,AJGW,AJGW,AJGW
AJPH,AJPH,AJPH,AJPH
AJPY,AJPY,AJPY,AJPY
AUPA,AUPA,AUPA,AUPA
AJR,AJR,AJR,AJR
AOT,AOT,AOT,AOT
AP,AP,AP,AP
AVJ,AVJ,AVJ,AVJ
AUR,AUR,AUR,AUR
AAP,AAP,AAP,AAP
AOCS,AOCS,AOCS,AOCS
BCPT,BCPT,BCPT,BCPT
BRE,BRE,BRE,BRE
BAPI,2094,2094,BAPI
BATE,2091,2091,BATE
BIN,BIN,BIN,BIN
BSL,BSL,BSL,BSL
BEWI,BEWI,BEWI,BEWI
BEST,2093,2093,BEST
BMB,BMB,BMB,BMB
BEM,BEM,BEM,BEM
BTM2,BTM2,BTM2,BTM2
BIES,2487,2487,BIES
BIOE,BIOE,BIOE,BIOE
BIOF,BIOF,BIOF,BIOF
BBB,BBB,BBB,BBB
ETR2,ETR2,ETR2,ETR2
BRV,BRV,BRV,BRV
BIUZ,2008,2008,BIUZ
BOC,BOC,BOC,BOC
BMC,BMC,BMC,BMC
BIMJ,2221,2221,BIMJ
BIOM,BIOM,BIOM,BIOM
BDD,BDD,BDD,BDD
BIP,BIP,BIP,BIP
BIP.P,PEP,PEP,BIP.P
BAB,BAB,BAB,BAB
BIT,BIT,BIT,BIT
BIOT,2446,2446,BIOT
BTPR,BTPR,BTPR,BTPR
BTP,BTP,BTP,BTP
BDI,BDI,BDI,BDI
BIRT,BIRT,BIRT,BIRT
BDRA,BDR,BDR,BDRA
BDRB,BDRB,BDRB,BDRB
BDRC,BDRC,BDRC,BDRC
BJO,BJO,BJO,BJO
BJU,BJU,BJU,BJU
YBW2,YBW2,YBW2,YBW2
BAN,BAN,BAN,BAN
BL,BL,BL,BL
BOR,BOR,BOR,BOR
AAH,AAH,AAH,AAH
BRB3,BRB3,BRB3,BRB3
BPA,BPA,BPA,BPA
DIS,DIS,DIS,DIS
BERJ,BERJ,BERJ,BERJ
BCP,BCP,BCP,BCP
BJC,BJC,BJC,BJC
BJD,BJD,BJD,BJD
BJDP,BJDP,BJDP,BJDP
BJEP,BJEP,BJEP,BJEP
BJET,BJET,BJET,BJET
BJH,BJH,BJH,BJH
BJHP,BJHP,BJHP,BJHP
BJIR,BJIR,BJIR,BJIR
BLD,BLD,BLD,BLD
BJOM,BJOM,BJOM,BJOM
BMSP,BMSP,BMSP,BMSP
BPH,BPH,BPH,BPH
NAAQ,NAAQ,NAAQ,NAAQ
BJOP,BJOP,BJOP,BJOP
BJP,BJP,BJP,BJP
BJSO,BJSO,BJSO,BJSO
BJOS,BJOS,BJOS,BJOS
BJSP,BJSP,BJSP,BJSP
BJS,BJS,BJS,BJS
NPC,NPC,NPC,NPC
BOER,BOER,BOER,BOER
BLAR,BLAR,BLAR,BLAR
BUL2,BUL2,BUL2,BUL2
BICS,BICS,BICS,BICS
BKCS,E762,2762,BKCS
BASR,BASR,BASR,BASR
BEER,BEER,BEER,BEER
BSE,BSE,BSE,BSE
CAAC,CAAC,CAAC,CAAC
CALA,CALA,CALA,CALA
CASR,CASR,CASR,CASR
CJAS,CJAS,CJAS,CJAS
CJAG,CJAG,CJAG,CJAG
CAJE,CAJE,CAJE,CAJE
CAPA,CAPA,CAPA,CAPA
CARS,CARS,CARS,CARS
CNCR,CNCR,CNCR,CNCR
CNCY,CNCY,CNCY,CNCY
CAM4,CAM4,CAM4,CAM4
CAS,CAS,CAS,CAS
CDR,CDR,CDR,CDR
CCD,CCD,CCD,CCD
CBF,CBF,CBF,CBF
CBIN,CBIN,CBIN,CBIN
CPR,CPR,CPR,CPR
CMI,CMI,CMI,CMI
CNT,CNT,CNT,CNT
CMS3,CMS3,CMS3,CMS3
CESP,CESP,CESP,CESP
CBIC,2268,2268,CBIC
CBEN,E326,E326,CBEN
CCTC,2491,2491,CCTC
CELC,E701,E701,CELC
CBDD,CBDD,CBDD,CBDD
CEAT,2044,2044,CEAT
CVDE,2112,2112,CVDE
CIUZ,2006,2006,CIUZ
CITE,2004,2004,CITE
CHIN,CHIN,CHIN,CHIN
CHEM,2111,E111,CHEM
ASIA,2451,2451,ASIA
CBDV,2136,2136,CBDV
CIND,CIND,CIND,CIND
2011,CHE3,OPEN,2011
E766,E766,E766,E766
CKON,2106,2106,CKON
CMDC,2452,2452,CMDC
CNMA,E761,E761,CNMA
CPHC,2267,2267,CPHC
CPLU,E688,E688,CPLU
CSSC,2476,2476,CSSC
CFS,CFS,CFS,CFS
CAR,CAR,CAR,CAR
CAMH,CAMH,CAMH,CAMH
CDEV,CDEV,CDEV,CDEV
CDEP,CDEP,CDEP,CDEP
CCH,CCH,CCH,CCH
CHSO,CHSO,CHSO,CHSO
CWE,CWE,CWE,CWE
CJOC,2434,2434,CJOC
CJG2,CJG2,CJG2,CJG2
CHIR,CHIR,CHIR,CHIR
2404,2404,2404,2404
CICO,CICO,CICO,CICO
CISO,CISO,CISO,CISO
CLA,CLA,CLA,CLA
CLEN,2047,2047,CLEN
CEA,CEA,CEA,CEA
CEI,CEI,CEI,CEI
CEO,CEO,CEO,CEO
CA,CA,CA,CA
CRE2,CRE2,CRE2,CRE2
CED,CED,CED,CED
CEN3,CEN3,CEN3,CEN3
CXO,CXO,CXO,CXO
CEP,CEP,CEP,CEP
CTS,CTS,CTS,CTS
CLC,CLC,CLC,CLC
CCR3,CCR3,CCR3,CCR3
CEN,CEN,CEN,CEN
CGE,CGE,CGE,CGE
CID,CID,CID,CID
CLD,CLD,CLD,CLD
COB,COB,COB,COB
CLR,CLR,CLR,CLR
COA,COA,COA,COA
CPT,CPT,CPT,CPT
CPDD,CPD3,CPD3,CPDD
CPF,CPF,CPF,CPF
CP,CP,CP,CP
CPP,CPP,CPP,CPP
CPSP,CPSP,CPSP,CPSP
CTR,CTR,CTR,CTR
CNS,CNS,CNS,CNS
COGS,COGS,COGS,COGS
CATL,CATL,CATL,CATL
COL,COL,COL,COL
COTE,COTE,COTE,COTE
CODI,CODI,CODI,CODI
JSDE,JSDE,JSDE,JSDE
ACM2,ACM2,ACM2,ACM2
CPA,CPA,CPA,CPA
CDOE,CDOE,CDOE,CDOE
CPLX,CPLX,CPLX,CPLX
CRF3,CRF3,CRF3,CRF3
COIN,COIN,COIN,COIN
CAV,CAV2,CAV2,CAV
CAE,CAE,CAE,CAE
CGF,CGF2,CGF2,CGF
MICE,MICE,MICE,MICE
CMR.A,CMR,CMR,CMR.A
CMR.B,CMRB,CMRB,CMR.B
CPE,CPE,CPE,CPE
CRQ,CRQ,CRQ,CRQ
CGA,CGA,CGA,CGA
CHD,CHD,CHD,CHD
CBP,CBP,CBP,CBP
COBI,COBI,COBI,COBI
CON4,CON4,CON4,CON4
CONS,CONS,CONS,CONS
COD,COD,COD,COD
CARE,CARE,CARE,CARE
COEP,COEP,COEP,COEP
CCE2,CCE2,CCE2,CCE2
CMMI,CMMI,CMMI,CMMI
CTPP,2222,2222,CTPP
COR2,COR2,COR2,COR2
CRST,CRST,CRST,CRST
CORG,CORG,CORG,CORG
CPRT,CPRT,CPRT,CPRT
CSR,CSR,CSR,CSR
CVJ,CVJ,CVJ,CVJ
COTO,COTO,COTO,COTO
CAPR,CAP5,CAP5,CAPR
CEAS,CEAS,CEAS,CEAS
PSP4,PSP4,PSP4,PSP4
CAIM,CAIM,CAIM,CAIM
CBM,CBM,CBM,CBM
CRIM,CRIM,CRIM,CRIM
CAPP,CAPP,CAPP,CAPP
CRIQ,CRIQ,CRIQ,CRIQ
CROS,CROS,CROS,CROS
CRAT,2223,2223,CRAT
CUAG,CUAG,CUAG,CUAG
CURA,CURA,CURA,CURA
CURT,CURT,CURT,CURT
CYTO.A,CYTO,CYTOA,CYTO.A
CYTO.B,CYTOB,CYTOB,CYTO.B
CYT,CYT,CYT,CYT
CM,CM,CM,CM
DAP,DAP,DAP,DAP
DECI,DECI,DECI,DECI
DSJI,DSJI,DSJI,DSJI
EDT,EDT,EDT,EDT
DA,DA,DA,DA
DTH,DTH,DTH,DTH
DMJ,DMJ,DMJ,DMJ
DREV,DREV,DREV,DREV
DEWB,DEWB,DEWB,DEWB
DECH,DECH,DECH,DECH
DPR,DPR,DPR,DPR
DGD,DGD,DGD,DGD
DVDY,DVDY,DVDY,DVDY
DMCN,DMCN,DMCN,DMCN
DNEU,NEU,NEU,DNEU
DEV,DEV,DEV,DEV
DESC,DES3,DES3,DESC
DOM,DOM,DOM,DOM
DMRR,DMRR,DMRR,DMRR
DME,DME,DME,DME
DC,DC,DC,DC
DLTC,DLTC,DLTC,DLTC
DIAL,DIAL,DIAL,DIAL
TGER,TGER,TGER,TGER
DOME,DOME,DOME,DOME
DEN,DEN,DEN,DEN
DHE,DHE,DHE,DHE
DISA,DISA,DISA,DISA
AORN,AORN,AORN,AORN
DDI,DDI,DDI,DDI
DAR,DAR,DAR,DAR
DDR,DDR,DDR,DDR
DTA,DTA,DTA,DTA
DYS,DYS,DYS,DYS
EIP,EIP,EIP,EIP
EMED,EMED,EMED,EMED
ESS2,ESS2,ESS2,ESS2
ESP,ESP,ESP,ESP
EQE,EQE,EQE,EQE
EFT2,EFT2,EFT2,EFT2
ECHO,ECHO,ECHO,ECHO
ECOG,ECOG,ECOG,ECOG
ECO,ECO,ECO,ECO
EAP,EAP,EAP,EAP
EEN,EEN,EEN,EEN
EMR,EMR,EMR,EMR
ECM,ECM,ECM,ECM
ECY,ECY,ECY,ECY
ECE3,ECE3,ECE3,ECE3
ELE,ELE,ELE,ELE
EFF,EFF,EFF,EFF
ECTA,ECTA,ECTA,ECTA
ECAF,ECAF,ECAF,ECAF
SEA2,SEA2,SEA2,SEA2
MCF2,MCF2,MCF2,MCF2
ECIN,ECIN,ECIN,ECIN
ECNO,ECNO,ECNO,ECNO
ECOL,ECOL,ECOL,ECOL
ECPA,ECPA,ECPA,ECPA
ECOR,ECOR,ECOR,ECOR
ECCA,ECCA,ECCA,ECCA
ECPO,ECPO,ECPO,ECPO
ECOT,ECOT,ECOT,ECOT
ECS2,ECS2,ECS2,ECS2
JIA2,JIA2,JIA2,JIA2
EMIP,EMIP,EMIP,EMIP
EDTH,EDTH,EDTH,EDTH
EEJ,EEJ,EEJ,EEJ
ELAN,2049,2049,ELAN
ECJ,ECJX,ECJX,ECJ
ELPS,2027,2027,ELPS
EMMM,2484,2484,EMMM
EMBR,2327,2327,EMBR
EMM,EMM,EMM,EMM
ERT,ERT,ERT,ERT
ETP,ETP,ETP,ETP
ESE3,ESE3,ESE3,ESE3
ENTE,2198,2198,ENTE
ELSC,2129,E129,ELSC
CPH4,CPH4,CPH4,CPH4
SCT3,SCT3,SCT3,SCT3
EMT,EMT,EMT,EMT
ENTT,ENTT,ENTT,ENTT
EEA,EEA,EEA,EEA
ENR,ENR,ENR,ENR
ENS,ENS,ENS,ENS
APS3,APS3,APS3,APS3
EM,EM,EM,EM
EMI,EMI,EMI,EMI
EMI4,EMI4,EMI4,EMI4
EET,EET,EET,EET
EP,EP,EP,EP
TQEM,TQEM,TQEM,TQEM
TOX,TOX,TOX,TOX
ETC,ETC,ETC,ETC
ENV,ENV,ENV,ENV
EOST,EOST,EOST,EOST
EPI,EPI,EPI,EPI
EPD2,EPD2,EPD2,EPD2
EPP,EPP,EPP,EPP
EVE,EVE,EVE,EVE
EVJ,EVJ,EVJ,EVJ
EHF2,EHF2,EHF2,EHF2
MP,MP,MP,MP
ETH,ETH,ETH,ETH
ETHO,ETHO,ETHO,ETHO
ETS2,ETS2,ETS2,ETS2
EUCH,EUCH,EUCH,EUCH
ERV,ERV,ERV,ERV
EUFM,EUFM,EUFM,EUFM
ECC,ECC,ECC,ECC
ECI,ECI,ECI,ECI
EJE,EJE,EJE,EJE
EJED,EJED,EJED,EJED
EJH,EJH,EJH,EJH
EJHF,EJHF,EJHF,EJHF
EJI,2040,2040,EJI
EJIC,2005,2005,EJIC
EJLT,2114,2114,EJLT
ENE,ENE,ENE,ENE
EJN,EJN,EJN,EJN
EOS,EOS,EOS,EOS
EJOC,2046,2046,EJOC
EJP,EJP,EJP,EJP
PER,PER,PER,PER
EJOP,EJOP,EJOP,EJOP
EJPR,EJPR,EJPR,EJPR
EPDY,EPDY,EPDY,EPDY
EJSP,EJSP,EJSP,EJSP
EJSS,EJSS,EJSS,EJSS
EULJ,EULJ,EULJ,EULJ
EMRE,EMRE,EMRE,EMRE
ETT,ETT2,ETT2,ETT
EBMA,EBMG,EBMG,EBMA
EBM,EBMG,EBMG,EBM
EBM2,EBM2,EBM2,EBM2
EVO,EVO,EVO,EVO
EDE,EDE,EDE,EDE
EVAN,EVAN,EVAN,EVAN
EVA,EVA2,EVA2,EVA
EXD,EXD,EXD,EXD
EPH,EPH,EPH,EPH
JUM,JUM,JUM,JUM
EXSY,EXSY,EXSY,EXSY
FCSR,FCSR,FCSR,FCSR
FCRE,FCRE,FCRE,FCRE
FAMP,FAMP,FAMP,FAMP
FARE,FARE,FARE,FARE
FFE,FFE,FFE,FFE
FEBS,FEBS,FEBS,FEBS
FEB2,37288,37288,FEB2
FEB4,FEB4,FEB4,FEB4
FEDR,2243,2243,FEDR
FGC,FGC,FGC,FGC
FAAM,FAAM,FAAM,FAAM
FIMA,FIMA,FIMA,FIMA
FMII,FMII,FMII,FMII
FAM,FAM,FAM,FAM
FISC,FISC,FISC,FISC
FAF,FAF,FAF,FAF
FME,FME,FME,FME
FOG,FOG,FOG,FOG
FFJ,FFJ,FFJ,FFJ
FCT,FCT,FCT,FCT
FOGE,FOGE,FOGE,FOGE
FES3,FES3,FES3,FES3
FQU,FQU,FQU,FQU
FSN3,FSN3,FSN3,FSN3
FLAN,FLAN,FLAN,FLAN
AJS4,AJS4,AJS4,AJS4
EFP,EFP,EFP,EFP
FORS,2057,2057,FORS
PROP,2244,2244,PROP
FOS,FOS,FOS,FOS
FWB,FWB,FWB,FWB
FEE,FEE,FEE,FEE
FUCE,2293,2293,FUCE
FEC,FEC,FEC,FEC
FCP,FCP,FCP,FCP
FPS,FPS,FPS,FPS
GAMM,2250,2250,GAMM
YGH2,YGH2,YGH2,YGH2
GEND,GEND,GEND,GEND
GWAO,GWAO,GWAO,GWAO
GENA,GENA,GENA,GENA
GTC,GTC,GTC,GTC
GBB,GBB,GBB,GBB
GCC,GCC,GCC,GCC
DVG,DVG,DVG,DVG
GEPI,GEPI,GEPI,GEPI
GEA,GEA,GEA,GEA
GBI,GBI,GBI,GBI
GGGE,GGG3,GGG3,GGGE
GFL,GFL,GFL,GFL
AYF2,AYF2,AYF2,AYF2
BLMS,BLMS,BLMS,BLMS
GEAN,GEAN,GEAN,GEAN
GEOR,GEOR,GEOR,GEOR
GERE,GERE,GERE,GERE
GEO2,GEO2,GEO2,GEO2
GEC3,GEC3,GEC3,GEC3
GJ,GJ,GJ,GJ
GTO,GTO,GTO,GTO
GEOT,2478,2478,GEOT
GPR,GPR,GPR,GPR
GRL,GRL,GRL,GRL
GDJ3,GDJ3,GDJ3,GDJ3
GGR,GGR,GGR,GGR
GETE,2534,2534,GETE
GGI,GGI,GGI,GGI
GEER,GEER,GEER,GEER
GLAL,GLAL,GLAL,GLAL
GERM,2058,2058,GERM
GER,GER,GER,GER
GLIA,GLIA,GLIA,GLIA
GBC,GBC,GBC,GBC
JOE,JOE,JOE,JOE
GCH2,GCH2,GCH2,GCH2
GCB,GCB,GCB,GCB
GCBB,GCBB,GCBB,GCBB
GEB,GEB,GEB,GEB
GLOB,GLOB,GLOB,GLOB
GPOL,GPOL,GPOL,GPOL
GSJ,GSJ,GSJ,GSJ
GOVE,GOVE,GOVE,GOVE
GFS,GFS,GFS,GFS
GRS,GRS,GRS,GRS
GHG,GHG3,GHG3,GHG
GWAT,GWAT,GWAT,GWAT
GWMR,GWMR,GWMR,GWMR
GROW,GROW,GROW,GROW
HAE,HAE,HAE,HAE
HED,HED,HED,HED
HEAD,HEAD,HEAD,HEAD
HSC,HSC,HSC,HSC
HEED,HEED,HEED,HEED
HEC,HEC,HEC,HEC
HEX,HEX,HEX,HEX
HIR,HIR,HIR,HIR
HESR,HESR,HESR,HESR
HW,HW,HW,HW
HTJ,HTJ,HTJ,HTJ
HEL,HEL,HEL,HEL
HLCA,2217,2217,HLCA
HON,HON,HON,HON
HDI,HDI,HDI,HDI
HEP,HEP,HEP,HEP
HEPR,HEPR,HEPR,HEPR
HC,HC,HC,HC
HEA,HEA,HEA,HEA
HEFB,HEFB,HEFB,HEFB
HEQU,HEQU,HEQU,HEQU
HIPO,HIPO,HIPO,HIPO
HIS,HIS,HIS,HIS
HISR,HISR,HISR,HISR
HIST,HIST,HIST,HIST
HITH,HITH,HITH,HITH
HIC3,HIC3,HIC3,HIC3
HOEQ,HOEQ,HOEQ,HOEQ
HIV,HIV,HIV,HIV
HPB,HPB,HPB,HPB
HBM,HBM,HBM,HBM
HCRE,HCRE,HCRE,HCRE
HFM,HFM,HFM,HFM
HUMU,HUMU,HUMU,HUMU
HUP,HUP,HUP,HUP
HRDQ,HRDQ,HRDQ,HRDQ
HRM,HRM,HRM,HRM
HRMJ,HRMJ,HRMJ,HRMJ
HYP,HYP,HYP,HYP
HYPA,HYPA,HYPA,HYPA
APNL,APNL,APNL,APNL
IBI,IBI,IBI,IBI
IDSB,IDSB,IDSB,IDSB
IDPP,IDPP,IDPP,IDPP
IDRR,IDRR,IDRR,IDRR
IDWP,IDWP,IDWP,IDWP
TEE,TEE,TEE,TEE
2151,E151,E151,2151
IID3,IID3,IID3,IID3
IMR,IMR,IMR,IMR
IMM,IMM,IMM,IMM
IMP,IMP,IMP,IMP
IIS2,IIS2,IIS2,IIS2
INA,INA,INA,INA
IREL,IREL,IREL,IREL
IRJ,IRJ,IRJ,IRJ
INFA,INFA,INFA,INFA
ICD,ICD,ICD,ICD
IMHJ,IMHJ,IMHJ,IMHJ
IRV,IRV,IRV,IRV
INFM,INFM,INFM,INFM
MSID,MSID,MSID,MSID
ISJ,ISJ,ISJ,ISJ
ICAD,ICAD,ICAD,ICAD
IMB,IMB,IMB,IMB
INS,INS,INS,INS
ICL3,ICL3,ICL3,ICL3
INST,INST,INST,INST
IEAM,IEAM,IEAM,IEAM
INZ2,INZ2,INZ2,INZ2
ISAF,ISAF,ISAF,ISAF
IMJ,IMJ,IMJ,IMJ
INTA,INTA,INTA,INTA
IDJ,IDJ,IDJ,IDJ
IERE,IERE,IERE,IERE
IEJ,IEJ,IEJ,IEJ
INFI,INFI,INFI,INFI
ALR,ALR,ALR,ALR
IIR,IIR,IIR,IIR
NAG,NAG,NAG,NAG
CNM,CNM,CNM,CNM
NME,NME,NME,NME
FLD,FLD,FLD,FLD
ACS,ACS,ACS,ACS
IJAC,IJAC,IJAC,IJAC
IJAG,IJAG,IJAG,IJAG
IJAL,IJAL,IJAL,IJAL
APS,APS,APS,APS
IJAU,IJAU,IJAU,IJAU
IJC,IJC,IJC,IJC
KIN,KIN,KIN,KIN
CTA,CTA,CTA,CTA
JOC,JOC,JOC,JOC
IJCP,IJCP,IJCP,IJCP
DAC,DAC,DAC,DAC
IJCS,IJCS,IJCS,IJCS
ICS,ICS,ICS,ICS
IDT,IDT,IDT,IDT
IDH,IDH,IDH,IDH
IJD,IJD,IJD,IJD
EAT,EAT,EAT,EAT
IJET,IJET,IJET,IJET
ER,ER,ER,ER
IEP,IEP,IEP,IEP
IJFE,IJFE,IJFE,IJFE
IJFS,IJFS,IJFS,IJFS
GPS,GPS,GPS,GPS
IMA,IMA,IMA,IMA
IJI,IJI,IJI,IJI
INT,INT,INT,INT
IJJS,IJJS,IJJS,IJJS
IJLH,IJLH,IJLH,IJLH
JLCD,JLCD,JLCD,JLCD
IJMR,IJMR,IJMR,IJMR
INM,INM,INM,INM
MPR,MPR,MPR,MPR
NEM,NEM,NEM,NEM
NVSM,NVSM,NVSM,NVSM
JNM,JNM,JNM,JNM
IJNT,IJNT,IJNT,IJNT
IJN,IJN,IJN,IJN
OPN,OPN,OPN,OPN
OA,OA,OA,OA
IPD,IPD,IPD,IPD
IJPP,IJPP,IJPP,IJPP
IJP,IJP,IJP,IJP
IJOP,IJO3,IJO3,IJOP
QUA,QUA,QUA,QUA
MMCE,MMCE,MMCE,MMCE
APL,APL,APL,APL
RNC,RNC,RNC,RNC
SAT,SAT,SAT,SAT
IJSA,IJSA,IJSA,IJSA
IJSW,IJSW,IJSW,IJSW
IJS,IJS,IJS,IJS
IJST,IJST,IJST,IJST
JTR,JTR,JTR,JTR
IJTD,IJTD,IJTD,IJTD
IJUR,IJUR,IJUR,IJUR
IJUN,IJUN,IJUN,IJUN
IJU,IJU,IJU,IJU
ILR,ILR,ILR,ILR
IMIG,IMIG,IMIG,IMIG
IMRE,IMRE,IMRE,IMRE
INR,INR,INR,INR
IPS,IPS,IPS,IPS
IRFI,IRFI,IRFI,IRFI
IROH,2246,2246,IROH
IROM,IROM,IROM,IROM
ISSJ,ISSJ,ISSJ,ISSJ
ISSR,ISSR,ISSR,ISSR
INSR,INSR,INSR,INSR
INSP,INSP,INSP,INSP
ISQU,ISQU,ISQU,ISQU
MISR,MISR,MISR,MISR
ITOR,ITOR,ITOR,ITOR
ETEP,ETEP,ETEP,ETEP
IWJ,IWJ,IWJ,IWJ
IZY,IZY,IZY,IZY
IVB,IVB,IVB,IVB
IRD,IRD,IRD,IRD
VOXS,VOXS,VOXS,VOXS
IAR,IAR,IAR,IAR
IJCH,2525,2525,IJCH
IUB,IUB,IUB,IUB
JJNS,JJNS,JJNS,JJNS
JPR,JPR,JPR,JPR
JCMS,JCMS,JCMS,JCMS
DDG,DDG,DDG,DDG
JECS,JECS,JECS,JECS
JSPN,JSPN,JSPN,JSPN
JSSR,JSSR,JSSR,JSSR
JTSB,JTSB,JTSB,JTSB
JOAR,JOAR,JOAR,JOAR
JAOC,JAOC,JAOC,JAOC
JAAL,JAAL,JAAL,JAAL
JAN,JAN,JAN,JAN
ATR,ATR,ATR,ATR
JAME,JAME,JAME,JAME
JOAC,JOAC,JOAC,JOAC
JAGE,JAGE,JAGE,JAGE
JAC,JAC,JAC,JAC
JAAN,JAAN,JAAN,JAAN
JOAP,JOAP,JOAP,JOAP
JOA,JOA,JOA,JOA
JBG,JBG,JBG,JBG
JANE,JANE,JANE,JANE
JPN,JPN,JPN,JPN
JABA,JABA,JABA,JABA
JABR,JABR,JABR,JABR
JACF,JACF,JACF,JACF
JCR,JCR,JCR,JCR
JPE,JPE,JPE,JPE
JAE,JAE,JAE,JAE
JEN,JEN,JEN,JEN
JAI,JAI,JAI,JAI
JAM,JAM,JAM,JAM
JAPP,JAPP,JAPP,JAPP
APP,APP,APP,APP
JAR,JAR,JAR,JAR
JASP,JASP,JASP,JASP
JAT,JAT,JAT,JAT
JAV,JAV,JAV,JAV
JOBM,2248,2248,JOBM
BDM,BDM,BDM,BDM
JBT,JBT,JBT,JBT
JBI,JBI,JBI,JBI
JBM.A,JBM,JBM,JBM.A
JBM.B,JBM.B,JBM.B,JBM.B
JBIO,2475,2475,JBIO
JBMR,JBMR,JBMR,JBMR
JBFA,JBFA,JBFA,JBFA
JBL,JBL,JBL,JBL
JCSM,JCSM,JCSM,JCSM
JOCS,JOCS,JOCS,JOCS
JCE,JCE,JCE,JCE
JCMM,JCMM,JCMM,JCMM
JCB,JCB,JCB,JCB
JCP,JCP,JCP,JCP
JCTB,JCTB,JCTB,JCTB
CEM,CEM,CEM,CEM
JCAP,JCAP,JCAP,JCAP
JCPP,JCPP,JCPP,JCPP
JOCP,JOCP,JOCP,JOCP
JCA,JCA,JCA,JCA
JCH,JCH,JCH,JCH
JCLA,JCLA,JCLA,JCLA
JOCN,JOCN,JOCN,JOCN
JCPE,JCPE,JCPE,JCPE
JCPT,JCPT,JCPT,JCPT
JCLP,JCLP,JCLP,JCLP
JCU,JCU,JCU,JCU
JOCC,JOCC,JOCC,JOCC
JCD,JCD,JCD,JCD
JCOM,JCOM,JCOM,JCOM
CASP,CASP,CASP,CASP
JCOP,JCOP,JCOP,JCOP
JCC,JCC,JCC,JCC
JCAL,JCAL,JCAL,JCAL
JCC4,JCC4,JCC4,JCC4
JOCA,JOCA,JOCA,JOCA
CB,CB,CB,CB
JCW3,JCWR,JCWR,JCW3
JCCM,JCCM,JCCM,JCCM
CHP,CHP,CHP,CHP
JCAF,JCAF,JCAF,JCAF
JOCD,JOCD,JOCD,JOCD
JCAD,JCAD,JCAD,JCAD
CUP,CUP,CUP,CUP
JDB,JDB,JDB,JDB
JDI,JDI,JDI,JDI
CDD,CDD,CDD,CDD
JEC,JEC,JEC,JEC
JOES,JOES,JOES,JOES
JEMS,JEMS,JEMS,JEMS
JEDM,JEDM,JEDM,JEDM
JELS,JELS,JELS,JELS
JOEC,JOEC,JOEC,JOEC
JEE,JEE,JEE,JEE
JERD,JERD,JERD,JERD
JEP,JEP,JEP,JEP
JEBM,JEBM,JEBM,JEBM
JEB,JEB,JEB,JEB
JEZ,JEZ.A,JEZA,JEZ
JEZ.B,JEZ.B,JEZ.B,JEZ.B
JFTR,JFTR,JFTR,JFTR
JOFT,JOFT,JOFT,JOFT
JOFO,JOFO,JOFO,JOFO
ROB,ROB,ROB,ROB
JOFI,JOFI,JOFI,JOFI
JFB,JFB,JFB,JFB
JFD,JFD,JFD,JFD
JFR3,JFR3,JFR3,JFR3
JFBC,JFBC,JFBC,JFBC
JFPE,JFPE,JFPE,JFPE
JFPP,JFPP,JFPP,JFPP
JFQ,JFQ,JFQ,JFQ
JFS,JFS,JFS,JFS
JFDS,JFDS,JFDS,JFDS
JFS3,JFS3,JFS3,JFS3
FOR,FOR,FOR,FOR
JFO,JFO,JFO,JFO
FUT,FUT,FUT,FUT
JGH,JGH,JGH,JGH
JGRD,JGRD,JGRD,JGRD
JGRG,JGRG,JGRG,JGRG
JGRF,JGRF,JGRF,JGRF
JGRC,JGRC,JGRC,JGRC
JGRE,JGRE,JGRE,JGRE
JGRB,JGRB,JGRB,JGRB
JGRA,JGRA,JGRA,JGRA
JGT,JGT,JGT,JGT
JHRM,JHRM,JHRM,JHRM
JHBP,JHBP,JHBP,JHBP
JHET,JHET,JHET,JHET
JOHS,JOHS,JOHS,JOHS
JHM,JHM,JHM,JHM
JHN,JHN,JHN,JHN
JIEC,JIEC,JIEC,JIEC
JOIE,JOIE,JOIE,JOIE
JIPB,JIPB,JIPB,JIPB
JIR,JIR,JIR,JIR
JIN2,JIN2,JIN2,JIN2
JOID,JOID,JOID,JOID
JOIM,JOIM,JOIM,JOIM
JID,JID,JID,JID
JIFM,JIFM,JIFM,JIFM
JOIC,JOIC,JOIC,JOIC
JICD,JICD,JICD,JICD
JIP,JIP,JIP,JIP
JJA2,JJA2,JJA2,JJA2
JLCR,JLC,JLC,JLCR
JLCA,JLCA,JLCA,JLCA
JOLS,JOLS,JOLS,JOLS
JLME,JLME,JLME,JLME
JLS,JLS,JLS,JLS
JLSE,JLSE,JLSE,JLSE
JOLA,JOLA,JOLA,JOLA
JMRI,JMRI,JMRI,JMRI
JOMS,JOMS,JOMS,JOMS
JMFT,JMFT,JMFT,JMFT
JOMF,JOMF,JOMF,JOMF
JMS,JMS,JMS,JMS
ARA,ARA,ARA,ARA
JMP,JMP,JMP,JMP
JMRS,JMRS,JMRS,JMRS
JMV,JMV,JMV,JMV
JMG,JMG,JMG,JMG
JMI,JMI,JMI,JMI
JMR,JMR,JMR,JMR
JMCB,JMCB,JMCB,JMCB
JMOR,JMOR,JMOR,JMOR
MCDA,MCDA,MCDA,MCDA
JMCD,JMCD,JMCD,JMCD
JNC,JNC,JNC,JNC
JNE,JNE,JNE,JNE
JON,JON,JON,JON
JNP,JNP,JNP,JNP
JNR,JNR,JNR,JNR
JONM,JONM,JONM,JONM
JNU,JNU,JNU,JNU
JOGN,JOGN,JOGN,JOGN
JOG,JOG,JOG,JOG
JOOP,JOOP,JOOP,JOOP
JOP,JOP,JOP,JOP
JOOR,JOOR,JOOR,JOOR
JOB,JOB,JOB,JOB
JOR,JOR,JOR,JOR
JPC,JPC,JPC,JPC
PSC,PSC,PSC,PSC
JRE,JRE,JRE,JRE
JOPY,JOPY,JOPY,JOPY
JPG,JPG,JPG,JPG
JPHS,JPHS,JPHS,JPHS
JPS,JPS,JPS,JPS
JPHP,JPHP,JPHP,JPHP
JPPR,JPR4,JPR4,JPPR
JOPE,JOPE,JOPE,JOPE
JPY,JPY,JPY,JPY
POC,POC,POC,POC
TJP,TJP,TJP,TJP
JPH,JPH,JPH,JPH
JPI,JPI,JPI,JPI
JPLN,2045,2045,JPLN
PAM,JPAM,JPAM,PAM
JPPI,JPPI,JPPI,JPPI
JOPP,JOPP,JOPP,JOPP
POLA,POLA,POLA,POLA
POLB,POLB,POLB,POLB
JPMS,JPMS,JPMS,JPMS
JPIM,JPIM,JPIM,JPIM
JOPR,JOPR,JOPR,JOPR
JPM,JPM,JPM,JPM
JPOC,JPOC,JPOC,JPOC
PA,PA,PA,PA
JPET,JPET,JPET,JPET
JPHD,JPHD,JPHD,JPHD
JQS,JQS,JQS,JQS
JRS,JRS,JRS,JRS
JORS,JORS,JORS,JORS
JORE,JORE,JORE,JORE
JORH,JORH,JORH,JORH
JORC,JORC,JORC,JORC
JRIR,JRIR,JRIR,JRIR
TEA,TEA,TEA,TEA
JRS3,JRS3,JRS3,JRS3
JORA,JORA,JORA,JORA
JORI,JORI,JORI,JORI
JOSH,JOSH,JOSH,JOSH
JOSS,JOSS,JOSS,JOSS
JSSC,2259,2259,JSSC
JSM,JSM,JSM,JSM
JSR,JSR,JSR,JSR
JSAP,JSAP,JSAP,JSAP
JSBM,JSBM,JSBM,JSBM
JOSI,JOSI,JOSI,JOSI
JOSP,JOSP,JOSP,JOSP
JOSL,JOSL,JOSL,JOSL
SMR,SMR,SMR,SMR
JSCM,JSCM,JSCM,JSCM
JSCH,JSCH,JSCH,JSCH
JSO,JSO,JSO,JSO
JSY,JSY,JSY,JSY
JSE,JSE,JSE,JSE
JTXS,JTXS,JTXS,JTXS
JACE,JACE,JACE,JACE
JAH3,JAH3,JAH3,JAH3
JAWR,JAWRA,JAWRA,JAWR
ASI,ASI,ASI,ASI
JCCS,2600,2600,JCCS
JDV,JDV,JDV,JDV
JEEA,JEEA,JEEA,JEEA
JEAB,JEAB,JEAB,JEAB
JHBS,JHBS,JHBS,JHBS
JIB,JIB,JIB,JIB
NAVI,NAVI,NAVI,NAVI
JNS,JNS,JNS,JNS
JRAI,JRAI,JRAI,JRAI
RSSC,RSSC,RSSC,RSSC
RSSA,RSSA,RSSA,RSSA
RSSB,RSSB,RSSB,RSSB
JSFA,JSFA,JSFA,JSFA
JSID,JSID,JSID,JSID
JWAS,JWAS,JWAS,JWAS
JTH,JTH,JTH,JTH
JTSA,JTSA,JTSA,JTSA
TERM,TERM,TERM,TERM
JTS,JTS,JTS,JTS
JTM,JTM,JTM,JTM
JUAF,JUAF,JUAF,JUAF
JVEC,JVEC4,JVEC4,JVEC
JVS,JVS,JVS,JVS
VEC,VEC,VEC,VEC
JVIM,JVIM,JVIM,JVIM
JVP,JVP,JVP,JVP
VNL,VNL,VNL,VNL
JVH,JVH,JVH,JVH
JZS,JZS,JZS,JZS
JZO,JZO,JZO,JZO
NEWE,NEWE,NEWE,NEWE
JFCJ,JFCJ,JFCJ,JFCJ
KPM,KPM,KPM,KPM
KYKL,KYKL,KYKL,KYKL
LABR,LABR,LABR,LABR
LRE,LRE,LRE,LRE
LDR,LDR,LDR,LDR
LNC3,LNC3,LNC3,LNC3
LANG,LANG,LANG,LANG
LIO2,LIO2,LIO2,LIO2
LPOR,2414,2414,LPOR
LATJ,2421,2421,LATJ
LSM,LSM,LSM,LSM
LAMP,LAMP,LAMP,LAMP
LAPS,LAPS,LAPS,LAPS
LAPO,LAPO,LAPO,LAPO
LSI,LSI,LSI,LSI
LASR,LASR,LASR,LASR
LTL,LTL,LTL,LTL
LEAP,LEAP,LEAP,LEAP
LDRP,LDRP,LDRP,LDRP
LRH2,LRH2,LRH2,LRH2
LEMI,2090,2090,LEMI
2269,LEMI,LEMI,2269
LCRP,LCRP,LCRP,LCRP
LEST,LEST,LEST,LEST
LSQ,LSQ,LSQ,LSQ
LET,LET,LET,LET
LAM,LAM,LAM,LAM
LOL2,LOL2,LOL2,LOL2
LOF3,LOF3,LOF3,LOF3
LNO,LNO,LNO,LNO
LOE2,LOE2,LOE2,LOE2
LOB,LOB,LOB,LOB
LOM3,LOM3,LOM3,LOM3
LABS,LABS,LABS,LABS
LITE,2472,2472,LITE
LIT,LIT,LIT,LIT
LIC3,LIC3,LIC3,LIC3
LIV,LIV,LIV,LIV
LT,LT,LT,LT
BUSR,BUSR,BUSR,BUSR
LUTS,LUTS,LUTS,LUTS
LS,LS,LS,LS
BIO,BIO,BIO,BIO
MABI,2127,2127,MABI
MACP,2261,2261,MACP
MAME,2264,2264,MAME
MARC,2263,2263,MARC
MREN,2465,2465,MREN
MASY,2265,2265,MASY
MATS,2262,2262,MATS
MRC,MRC,MRC,MRC
MRM,MRM,MRM,MRM
MAM,MAM,MAM,MAM
MARE,MARE,MARE,MARE
MDE,MDE,MDE,MDE
MAEC,MAEC,MAEC,MAEC
MMS,MMS,MMS,MMS
MAS,MAS,MAS,MAS
MACO,2010,2010,MACO
MAWE,2021,2012,MAWE
MCN,MCN,MCN,MCN
MAFI,MAFI,MAFI,MAFI
MALQ,2256,2256,MALQ
MMA,MMA,MMA,MMA
MANA,2239,2239,MANA
DAMA,2116,2116,DAMA
MVE,MVE,MVE,MVE
MAQ,MAQ,MAQ,MAQ
MEDU,MEDU,MEDU,MEDU
MED,MED,MED,MED
MHW,MHW,MHW,MHW
META,META,META,META
MAPS,MAPS,MAPS,MAPS
MET,MET,MET,MET
MEE3,MEE3,MEE3,MEE3
MECA,MECA,MECA,MECA
MBT2,MBT,MBT,MBT2
MIM,MIM,MIM,MIM
MBO3,MBO3,MBO3,MBO3
MICC,MICC,MICC,MICC
MAU,MAU,MAU,MAU
MAA,MAA,MAA,MAA
MAE,MAE,MAE,MAE
MAG,MAG,MAG,MAG
MAEM,MAEM,MAEM,MAEM
JEMT,JEMT,JEMT,JEMT
MICR,MICR,MICR,MICR
MOP,MOP,MOP,MOP
MEPO,MEPO,MEPO,MEPO
MISP,MISP,MISP,MISP
MILT,MILT,MILT,MILT
MILA,MILA,MILA,MILA
MBE,MBE,MBE,MBE
MLRB,MLRB,MLRB,MLRB
MLR,MLR,MLR,MLR
MOTH,MOTH,MOTH,MOTH
MC,MC,MC,MC
MEC,MEC,MEC,MEC
MEN,MER,MER,MEN
MGG3,MGG3,MGG3,MGG3
MINF,QSAR,2022,MINF
MMI,MMI,MMI,MMI
MNFR,2216,2216,MNFR
MOL2,MOL2,MOL2,MOL2
OMI,OMI,OMI,OMI
MPP,MPP,MPP,MPP
MRD,MRD,MRD,MRD
MSB,2705,E705,MSB
MONO,MONO,MONO,MONO
MDS,MDS,MDS,MDS
MDC3,MDC3,MDC3,MDC3
MUS,MUS,MUS,MUS
MSC,MSC,MSC,MSC
MUAN,MUAN,MUAN,MUAN
MUSE,MUSE,MUSE,MUSE
MUSA,MUSA,MUSA,MUSA
MYC,MYC,MYC,MYC
NADC,2003,2003,NADC
E003,NADC,2003,E003
NCR,NCR,NCR,NCR
NANA,NANA,NANA,NANA
GAS,GAS,GAS,GAS
NRM,NRM,NRM,NRM
NARF,NARF,NARF,NARF
NAV,NAV,NAV,NAV
NCMR,NCMR,NCMR,NCMR
NEJO,NEJO,NEJO,NEJO
NEP,NEP,NEP,NEP
NET,NET,NET,NET
NMO,NMO,NMO,NMO
NCN3,NCN3,NCN3,NCN3
NER,NER,NER,NER
NEUP,NEUP,NEUP,NEUP
NAN,NAN,NAN,NAN
NAU,NAU,NAU,NAU
NBFR,NBFR,NBFR,NBFR
ACE,ACE,ACE,ACE
CAD,CAD,CAD,CAD
CC,CC,CC,CC
EV,EV,EV,EV
HE,HE,HE,HE
IR,IR,IR,IR
YD,YD,YD,YD
SS,SS,SS,SS
TL,TL,TL,TL
NHA3,NHA3,NHA3,NHA3
NPQU,NPQU,NPQU,NPQU
NPH,NPH,NPH,NPH
NTWE,NTWE,NTWE,NTWE
NZG,NZG,NZG,NZG
NBM,NBM,NBM,NBM
NBA,NBA,NBA,NBA
NPCR,NPCR,NPCR,NPCR
NML,NML,NML,NML
NJB,NJB,NJB,NJB
NAD,NAD2,NAD2,NAD
NOUS,NOUS,NOUS,NOUS
NLA,NLA,NLA,NLA
NUM,NUM,NUM,NUM
NAE2,NAE2,NAE2,NAE2
NHS,NHS,NHS,NHS
LIFE,NWH,NWH,LIFE
NUF,NUF,NUF,NUF
NICC,NICC,NICC,NICC
NIN,NIN,NIN,NIN
NOP2,NOP2,NOP2,NOP2
NUP,NUP,NUP,NUP
NDI,NDI,NDI,NDI
NBU,NBU,NBU,NBU
OBY,OBY,OBY,OBY
OBR,OBR,OBR,OBR
OSP4,OSP4,OSP4,OSP4
OTI,OTI,OTI,OTI
OCEA,OCEA,OCEA,OCEA
OIK,OIK,OIK,OIK
OET,OET,OET,OET
OETS,OETS,OETS,OETS
OPEC,OPEC,OPEC,OPEC
OPO,OPO,OPO,OPO
OPLP,OPLP,OPLP,OPLP
OPPH,2462,2462,OPPH
OCA,OCA,OCA,OCA
ODI,ODI,ODI,ODI
ORS,ORS,ORS,ORS
OLI,OLI,OLI,OLI
OCR,OCR,OCR,OCR
OS,OS,OS,OS
OBES,OBES,OBES,OBES
OJOA,OJOA,OJOA,OJOA
PAER,PAER,PAER,PAER
PAFO,PAFO,PAFO,PAFO
PAPQ,PAPQ,PAPQ,PAPQ
PACE,PACE,PACE,PACE
PTS,PTS,PTS,PTS
PPE,PPE,PPE,PPE
PME,PME,PME,PME
PAPR,PAPR,PAPR,PAPR
PALA,PALA,PALA,PALA
PALO,PALO,PALO,PALO
SPP2,SPP,SPP,SPP2
PIRS,PIRS,PIRS,PIRS
PIM,PIM,PIM,PIM
PARH,PARH,PARH,PARH
PPSC,2056,2056,PPSC
PIN,PIN,PIN,PIN
PECH,PECH,PECH,PECH
PAI,PAI,PAI,PAI
PAN,PAN,PAN,PAN
MPO,PBC,PBC,MPO
PDE,PDE,PDE,PDE
PEDI,PEDI,PEDI,PEDI
IJPO,IJPO,IJPO,IJPO
PPUL,PPUL,PPUL,PPUL
PETR,PETR,PETR,PETR
PED,PED,PED,PED
PFI,PFI,PFI,PFI
PIQ,PIQ,PIQ,PIQ
PRD,PRD,PRD,PRD
PPP,PPP,PPP,PPP
PERE,PERE,PERE,PERE
PMH,PMH,PMH,PMH
PEPS,PEPS,PEPS,PEPS
PPC,PPC,PPC,PPC
PSRH,PSRH,PSRH,PSRH
PS,PS,PS,PS
PST,PST,PST,PST
PDS,PDS,PDS,PDS
PRP2,PRP2,PRP2,PRP2
PHAR,PHAR,PHAR,PHAR
PHIN,PHIN,PHIN,PHIN
PHIS,PHIS,PHIS,PHIS
PHPE,PHPE,PHPE,PHPE
PAPA,PAPA,PAPA,PAPA
PHPR,PHPR,PHPR,PHPR
PHC3,PHC3,PHC3,PHC3
PHP,PHP,PHP,PHP
PHPP,PHPP,PHPP,PHPP
PRE,PRE,PRE,PRE
PSSA,2231,2231,PSSA
PSSB,2232,2232,PSSB
PSSR,2139,2139,PSSR
PSSC,2133,2133,PSSC
PIUZ,2007,2007,PIUZ
PPL,PPL,PPL,PPL
PHEN,PHEN,PHEN,PHEN
PHY2,PHY2,PHY2,PHY2
PRI,PRI,PRI,PRI
PCA,PCA,PCA,PCA
PTR,PTR,PTR,PTR
PCMR,PCMR,PCMR,PCMR
PLB,PLB,PLB,PLB
PBI,PBI,PBI,PBI
PBR,PBR,PBR,PBR
PPA,PPA,PPA,PPA
PSBI,PSBI,PSBI,PSBI
PCE,PCE,PCE,PCE
PPAP,2410,2410,PPAP
PENG,PENG,PENG,PENG
POI3,POI3,POI3,POI3
PSJ,PSJ,PSJ,PSJ
PLAR,PLAR,PLAR,PLAR
PINS,PINS,PINS,PINS
POPS,POPS,POPS,POPS
POLQ,POLQ,POLQ,POLQ
POST,POST,POST,POST
PSR,PSR,PSR,PSR
PONL,PONL,PONL,PONL
POLP,POLP,POLP,POLP
PC,PC,PC,PC
PEN,PEN,PEN,PEN
PI,PI,PI,PI
PAT,PAT,PAT,PAT
PADR,PADR,PADR,PADR
PSP,PSP,PSP,PSP
POP4,POP4,POP4,POP4
PDI,PDI,PDI,PDI
PD,PD,PD,PD
PSB,PSB,PSB,PSB
PSQ,PSQ,PSQ,PSQ
2130,PAMM,PAMM,2130
PRA,PRA2,PRA2,PRA
PASH,PASH,PASH,PASH
PISM,PISM,PISM,PISM
PRLS,PRL3,PRL3,PRLS
PRS,PRS,PRS,PRS
POMS,POMS,POMS,POMS
PNP,PNP,PNP,PNP
PIP,PIP,PIP,PIP
PMJ,PMJ,PMJ,PMJ
PREP,2014,2014,PREP
PRO,PRO,PRO,PRO
PROT,PROT,PROT,PROT
PMIC,2120,2120,PMIC
PRCA,2456,2456,PRCA
PCHJ,PCHJ,PCHJ,PCHJ
PCN,PCN,PCN,PCN
PSYG,PSYG,PSYG,PSYG
MAR,MAR,MAR,MAR
PAPT,PAPT,PAPT,PAPT
PITS,PITS,PITS,PITS
PON,PON,PON,PON
PSYP,PSYP,PSYP,PSYP
PPI,PPI,PPI,PPI
PADM,PADM,PADM,PADM
PAD,PAD,PAD,PAD
PUAR,PUAR,PUAR,PUAR
PBAF,PBAF,PBAF,PBAF
PHN,PHN,PHN,PHN
QRE,QRE,QRE,QRE
QUAN,QUAN,QUAN,QUAN
QJ,QJ,QJ,QJ
RADM,RADM,RADM,RADM
RDS,PCR3,PCR3,RDS
RSA,RSA,RSA,RSA
RCM,RCM,RCM,RCM
RATI,RATI,RATI,RATI
RAJU,RAJU,RAJU,RAJU
RRQ,RRQ,RRQ,RRQ
REEC,REEC,REEC,REEC
NSR,NSR,NSR,NSR
REG2,REG2,REG2,REG2
RSP3,RSP3,RSP3,RSP3
REGO,REGO,REGO,REGO
RNJ,RNJ,RNJ,RNJ
REC3,REC3,REC3,REC3
RSR,RSR,RSR,RSR
REM,REM,REM,REM
RSE2,RSE2,RSE2,RSE2
REST,REST,REST,REST
RDA,RDA,RDA,RDA
NUR,NUR,NUR,NUR
JRSM,JRSM,JRSM,JRSM
RWM3,RWM3,RWM3,RWM3
RGE,RGE,RGE,RGE
RESP,RESP,RESP,RESP
RCR2,RCR2,RCR2,RCR2
REC,REC,REC,REC
RODE,RODE,RODE,RODE
REV3,REV3,REV3,REV3
REEL,REEL,REEL,REEL
ROIW,ROIW,ROIW,ROIW
ROIE,ROIE,ROIE,ROIE
ROPR,ROPR,ROPR,ROPR
RURD,RURD,RURD,RURD
RAQ,RAQ,RAQ,RAQ
RMV,RMV,RMV,RMV
RIRT,RIRT,RIRT,RIRT
ROG,ROG,ROG,ROG
ILRS,ILRS,ILRS,ILRS
ILRF,ILRF,ILRF,ILRF
RISA,RISA,RISA,RISA
RMIR,RMIR,RMIR,RMIR
RHC3,RHC3,RHC3,RHC3
RRA,RRA,RRA,RRA
RUSO,RUSO,RUSO,RUSO
SCS,SCS,SCS,SCS
SJI,SJI,SJI,SJI
SMS,SMS,SMS,SMS
SJOP,SJOP,SJOP,SJOP
SJOS,SJOS,SJOS,SJOS
SCPS,SCPS,SCPS,SCPS
SCA,SCA,SCA,SCA
SSM,SSM,SSM,SSM
SCE,SCE,SCE,SCE
SCIN,SCIN,SCIN,SCIN
SJPE,SJPE,SJPE,SJPE
SEC,SEC,SEC,SEC
SED,SED,SED,SED
SDI,SDI,SDI,SDI
SM2,SM2,SM2,SM2
SMRJ,SMRJ,SMRJ,SMRJ
SDTP,SDTP,SDTP,SDTP
SIGN,SIGN,SIGN,SIGN
SJTG,SJTG,SJTG,SJTG
SRT,SRT,SRT,SRT
SBR,SBR,SBR,SBR
SMLL,2296,2296,SMLL
SPC3,SPC3,SPC3,SPC3
SOCA,SOCA,SOCA,SOCA
SODE,SODE,SODE,SODE
SIPR,SIPR,SIPR,SIPR
SPOL,SPOL,SPOL,SPOL
SSQU,SSQU,SSQU,SSQU
SORU,SORU,SORU,SORU
SOCF,SOCF,SOCF,SOCF
SOIN,SOIN,SOIN,SOIN
SOC4,SOC4,SOC4,SOC4
SHIL,SHIL,SHIL,SHIL
STVR,STVR,STVR,STVR
SPE,SPE,SPE,SPE
SUM,SUM,SUM,SUM
SONO,SONO,SONO,SONO
SAJE,SAJE,SAJE,SAJE
SOEJ,SOEJ,SOEJ,SOEJ
SWE,SWE3,SWE3,SWE
SWQ,SWQ,SWQ,SWQ
SCD,SCD,SCD,SCD
SPEG,SPEG,SPEG,SPEG
SA,SA,SA,SA
SE,SE,SE,SE
SPEC,SPEC,SPEC,SPEC
STAB,2092,2092,STAB
STAR,2041,2041,STAR
STA4,STA4,STA4,STA4
STAN,STAN,STAN,STAN
SAM,SAM,SAM,SAM
SIM,SIM,SIM,SIM
STCO,2489,2489,STCO
SRIN,2520,2520,SRIN
STEM,STEM,STEM,STEM
STR,STR2,STR2,STR
JSC,JSC,JSC,JSC
SEM3,SEM3,SEM3,SEM3
SEJ,SEJ,SEJ,SEJ
SMJ,SMJ,SMJ,SMJ
SMI,SMI,SMI,SMI
SUCO,SUCO,SUCO,SUCO
STC,STC,STC,STC
SAY,SAY,SAY,SAY
STUL,STUL,STUL,STUL
SAPM,SAPM,SAPM,SAPM
SENA,SENA,SENA,SENA
SIFP,SIFP,SIFP,SIFP
SFR,SFR,SFR,SFR
SLTB,SLTB,SLTB,SLTB
SUFL,SUFL,SUFL,SUFL
SIA,SIA,SIA,SIA
ASH,ASH,ASH,ASH
SD,SD,SD,SD
SPSR,SPSR,SPSR,SPSR
SYMB,SYMB,SYMB,SYMB
SYN,SYN,SYN,SYN
SYNT,SYNT,SYNT,SYNT
SDR,SDR,SDR,SDR
SYEN,SYEN,SYEN,SYEN
SYS,SYS,SYS,SYS
SRBS,SRES,SRES,SRBS
TEST,TEST,TEST,TEST
TETH,TETH,TETH,TETH
TECT,TECT,TECT,TECT
TER,TER,TER,TER
TEM2,TEM2,TEM2,TEM2
TESJ,TESJ,TESJ,TESJ
TESQ,TESQ,TESQ,TESQ
AJES,AJES,AJES,AJES
AJAD,AJAD,AJAD,AJAD
AR,AR,AR,AR
AJO,AJO,AJO,AJO
AERE,AERE,AERE,AERE
AJAR,AJAR,AJAR,AJAR
TAJA,TAJA,TAJA,TAJA
TBJ,TBJ,TBJ,TBJ
CPU,CPU,CPU,CPU
CBL,CBL,CBL,CBL
PU,PU,PU,PU
BES2,BES2,BES2,BES2
CAG,CAG,CAG,CAG
CJCE,CJCE,CJCE,CJCE
CJS,CJS,CJS,CJS
CDQ,CDQ,CDQ,CDQ
TCR,2920,2920,TCR
CRJ,CRJ,CRJ,CRJ
TCT,TCT,TCT,TCT
TCL,TCL,TCL,TCL
DCH,DCH,DCH,DCH
DEP2,DEP2,DEP2,DEP2
DEVE,DEVE,DEVE,DEVE
ECTJ,ECTJ,ECTJ,ECTJ
EHR,EHR,EHR,EHR
ECOJ,ECOJ,ECOJ,ECOJ
EREV,EREV,EREV,EREV
EMBJ,2328,2328,EMBJ
FIRE,FIRE,FIRE,FIRE
GEOJ,GEOJ,GEOJ,GEOJ
GEQU,GEQU,GEQU,GEQU
HAST,HAST,HAST,HAST
HEYJ,HEYJ,HEYJ,HEYJ
HISN,HISN,HISN,HISN
SHM,SHM,SHM,SHM
HOJO,HOJO,HOJO,HOJO
JADE,JADE,JADE,JADE
HPM,HPM,HPM,HPM
RCS,RCS,RCS,RCS
IJNA,IJNA,IJNA,IJNA
JERE,JERE,JERE,JERE
JAAC,JAAC,JAAC,JAAC
JACC,JACC,JACC,JACC
JCPH,JCP6,JCP6,JCPH
CNE,CNE,CNE,CNE
CBE2,CBE2,CBE2,CBE2
JOCB,JOCB,JOCB,JOCB
JDE,JDE,JDE,JDE
JEU,JEU,JEU,JEU
JFIR,JFIR,JFIR,JFIR
JGM,JGM,JGM,JGM
JOHC,JOHC,JOHC,JOHC
JMWH,JMWH,JMWH,JMWH
PATH,PATH,PATH,PATH
CJP2,CJP2,CJP2,CJP2
JPCU,JPCU,JPCU,JPCU
JRH,JRH,JRH,JRH
JGS,JGS,JGS,JGS
JWMG,JWMG,JWMG,JWMG
JWIP,JWIP,JWIP,JWIP
LARY,LARY,LARY,LARY
TLA,TLA,TLA,TLA
LSNL,LSNL,LSNL,LSNL
MGR,MGR,MGR,MGR
MANC,MANC,MANC,MANC
MMR,MMR,MMR,MMR
MILQ,MILQ,MILQ,MILQ
MODL,MODL,MODL,MODL
MUWO,MUWO,MUWO,MUWO
NTLF,NTLF,NTLF,NTLF
TOG,TOG,TOG,TOG
PHIL,PHIL,PHIL,PHIL
PHOR,PHOR,PHOR,PHOR
TPJ,TPJ,TPJ,TPJ
POQU,POQU,POQU,POQU
PROS,PROS,PROS,PROS
PSAQ,PSAQ,PSAQ,PSAQ
RAND,RAND,RAND,RAND
TRTR,TRTR,TRTR,TRTR
THR,THR,THR,THR
RUSS,RUSS,RUSS,RUSS
SJOE,SJOE,SJOE,SJOE
TSQ,TSQ,TSQ,TSQ
SORE,SORE,SORE,SORE
SORM,SORM,SORM,SORM
SJP,SJP,SJP,SJP
TAL,TAL,TAL,TAL
TSR,TSR,TSR,TSR
VMR,VMR,VMR,VMR
TWEC,TWEC,TWEC,TWEC
YREV,YREV,YREV,YREV
THEC,THEC,THEC,THEC
THEO,THEO,THEO,THEO
TAP,TAP,TAP,TAP
TCA,TCA,TCA,TCA
THT3,THT,THT,THT3
TIE,TIE,TIE,TIE
TESG,TESG,TESG,TESG
TAN,TAN,TAN,TAN
TIA2,TIA2,TIA2,TIA2
TOPS,TOPS,TOPS,TOPS
TKM2,TKM2,TKM2,TKM2
TRA,TRA,TRA,TRA
TGIS,TGIS,TGIS,TGIS
TRAN,TRAN,TRAN,TRAN
TLB,TLB,TLB,TLB
TRPS,TRPS,TRPS,TRPS
TBED,TBED,TBED,TBED
TRAA,TRAA,TRAA,TRAA
TRF,TRF,TRF,TRF
TME,TME,TME,TME
TID,TID,TID,TID
TRI,TRI,TRI,TRI
TRE,TRE,TRE,TRE
TMI,TMI,TMI,TMI
UOG,UOG,UOG,UOG
UBAU,2488,2488,UBAU
VIPR,2035,2035,VIPR
VAA,VAA,VAA,VAA
VCO,VCO,VCO,VCO
VCP,VCP,VCP,VCP
VDE,VDE,VDE,VDE
VMS3,VMS3,VMS3,VMS3
VOP,VOP,VOP,VOP
VRU,VRU,VRU,VRU
VSU,VSU,VSU,VSU
VAR,VAR,VAR,VAR
VOX,VOX,VOX,VOX
WEJ,WEJ,WEJ,WEJ
WRCR,WRCR,WRCR,WRCR
WEA,WEA,WEA,WEA
WBM,WBM,WBM,WBM
WRE,WRE,WRE,WRE
WMON,WMON,WMON,WMON
WSB,WSB4,WSB4,WSB
WCC,WCC,WCC,WCC
WCS,WCS,WCS,WCS
WCMS,WCMS,WCMS,WCMS
WICS,WICS,WICS,WICS
WIDM,WIDM,WIDM,WIDM
WDEV,WDEV,WDEV,WDEV
WENE,WENE,WENE,WENE
WRNA,WRNA,WRNA,WRNA
WSBM,WSBM,WSBM,WSBM
WAT2,WAT2,WAT2,WAT2
WILM,WILM,WILM,WILM
WE,WE,WE,WE
WCM,WCM2,WCM2,WCM
WNAN,WNAN,WNAN,WNAN
WHE,WHE2,WHE2,WHE
WUSA,WUSA,WUSA,WUSA
WOBA,WOBA,WOBA,WOBA
WENG,WENG,WENG,WENG
WMH3,WMH3,WMH3,WMH3
WOW3,WOW,WOW,WOW3
WOT,WOT,WOT,WOT
WPS,WPS,WPS,WPS
WSA2,WSA2,WSA2,WSA2
WVN,WVN,WVN,WVN
WRR,WRR,WRR,WRR
XEN,XEN,XEN,XEN
XRS,XRS,XRS,XRS
YEA,YEA,YEA,YEA
ZAAC,2260,2260,ZAAC
ZAMM,2233,2233,ZAMM
ZOO,ZOO,ZOO,ZOO
ZSC,ZSC,ZSC,ZSC
ZOJ,ZOJ,ZOJ,ZOJ
ZPH,ZPH,ZPH,ZPH
JLB,JLB,JLB,JLB
IMCB,IMCB,IMCB,IMCB
HPJA,HPJA,HPJA,HPJA
JPEN,JPEN,JPEN,JPEN
CCHE,CCHE,CCHE,CCHE
JCPY,JCPY,JCPY,JCPY
BSD2,BSD2,BSD2,BSD2
NAFM,NAFM,NAFM,NAFM
NCP,NCP,NCP,NCP
TAFS,TAFS,TAFS,TAFS
TSM2,TSM2,TSM2,TSM2
JPER,JPER,JPER,JPER
AWWA,AWWA,AWWA,AWWA
LIPD,LIPD,LIPD,LIPD
CNR2,CNR2,CNR2,CNR2
E772,E772,E772,E772
ZYGO,ZYGO,ZYGO,ZYGO
,ADEM,ADEM,ADEM
,ADFM,ADFM,ADFM
,ANIE,ANIE,ANIE
,CBDV,CBDV,CBDV
,CBIC,CBIC,CBIC
,CCTC,CCTC,CCTC
,CHEM,CHEM,CHEM
,CMDC,CMDC,CMDC
,CPHC,CPHC,CPHC
,CPPH,CPPH,CPPH
,CSSC,CSSC,CSSC
,DESC,DESC,DESC
,EJIC,EJIC,EJIC
,EJOC,EJOC,EJOC
,ELAN,ELAN,ELAN
,ELPS,ELPS,ELPS
,FEB2,FEB2,FEB2
,FSB2,FSB2,FSB2
,HLCA,HLCA,HLCA
,JEQ2,JEQ2,JEQ2
,JOBM,JOBM,JOBM
,MABI,MABI,MABI
,MTK,MTK,MTK
,PCR2,PCR2,PCR2
,PSSB,PSSB,PSSB
,SLCT,SLCT,SLCT
,SOLR,SOLR,SOLR
,ZAAC,ZAAC,ZAAC
,CELC,CELC,CELC
,ADMA,ADMA,ADMA
,ADMI,ADMI,ADMI
,ADSU,ADSU,ADSU
,AHM,AHM,AHM
,EJI,EJI,EJI
,JSSC,JSSC,JSSC
,MACO,MACO,MACO
,MARC,MARC,MARC
,MNFR,MNFR,MNFR
,PSSA,PSSA,PSSA
,SMLL,SMLL,SMLL
,SRIN,SRIN,SRIN
,ADMT,ADMT,ADMT
,JOOM,JOOM,JOOM
,ERE,ERE,ERE
,ADTP,ADTP,ADTP
,ADTS,ADTS,ADTS
,JLCR,JLCR,JLCR
,CEAT,CEAT,CEAT
,BDR2,BDR2,BDR2
,SYST,SYST,SYST
,ADOM,ADOM,ADOM
,IJOP,IJOP,IJOP
,THT3,THT3,THT3
,SPY2,SPY2,SPY2
,TAX,TAX,TAX
,AELM,AELM,AELM
,EMBR,EMBR,EMBR
,PPSC,PPSC,PPSC
,FFO2,FFO2,FFO2
,WER,WER,WER
,SPP2,SPP2,SPP2
,JPLN,JPLN,JPLN
,BIES,BIES,BIES
,ALZ,ALZ,ALZ
,ENTE,ENTE,ENTE
,ACPS,ACPS,ACPS
,CSC2,CSC2,CSC2
,CURJ,CURJ,CURJ
,PMRJ,PMRJ,PMRJ
,JLMS,JLMS,JLMS
,CGF,CGF,CGF
,PMIC,PMIC,PMIC
,BATT,BATT,BATT
,MPO,MPO,MPO
,FUCE,FUCE,FUCE
,JCPH,JCPH,JCPH
,CTPP,CTPP,CTPP
,ADBI,ADBI,ADBI
,BIMJ,BIMJ,BIMJ
,STR,STR,STR
,JTS5,JTS5,JTS5
,PRCA,PRCA,PRCA
,PSSR,PSSR,PSSR
,CPTC,CPTC,CPTC
,STCO,STCO,STCO
,VETR,VETR,VETR
,EMBJ,EMBJ,EMBJ
,ITL2,ITL2,ITL2
,RDS,RDS,RDS
,ASIA,ASIA,ASIA
,AENM,AENM,AENM
,ACG2,ACG2,ACG2
,ADSC,ADSC,ADSC
,AET2,AET2,AET2
,AJAE,AJAE,AJAE
,AJOC,AJOC,AJOC
,AJUM,AJUM,AJUM
,AMP2,AMP2,AMP2
,ANR3,ANR3,ANR3
,AYF,AYF,AYF
,BIOT,BIOT,BIOT
,CAPR,CAPR,CAPR
,CAV,CAV,CAV
,CNMA,CNMA,CNMA
,CPCB,CPCB,CPCB
,CPLU,CPLU,CPLU
,CPMC,CPMC,CPMC
,CPPS,CPPS,CPPS
,CPSC,CPSC,CPSC
,CPTX,CPTX,CPTX
,DNEU,DNEU,DNEU
,EPA2,EPA2,EPA2
,GAMM,GAMM,GAMM
,GGGE,GGGE,GGGE
,GHG,GHG,GHG
,IJCH,IJCH,IJCH
,IJGO,IJGO,IJGO
,JAWR,JAWR,JAWR
,JBIO,JBIO,JBIO
,JDD,JDD,JDD
,JGC4,JGC4,JGC4
,JIMD,JIMD,JIMD
,LPOR,LPOR,LPOR
,MACP,MACP,MACP
,MAME,MAME,MAME
,MANA,MANA,MANA
,MATS,MATS,MATS
,MDP2,MDP2,MDP2
,MDS3,MDS3,MDS3
,MEN,MEN,MEN
,MJA2,MJA2,MJA2
,NAPA,NAPA,NAPA
,NSG,NSG,NSG
,ONCO,ONCO,ONCO
,PAM,PAM,PAM
,PEP2,PEP2,PEP2
,PLMS,PLMS,PLMS
,PPAP,PPAP,PPAP
,PREP,PREP,PREP
,PROP,PROP,PROP
,QUTE,QUTE,QUTE
,SMTD,SMTD,SMTD
,TCR,TCR,TCR
,TOPO,TOPO,TOPO
,WFS2,WFS2,WFS2
,STAR,STAR,STAR
,CPNS,CPNS,CPNS
,ETT,ETT,ETT
,CPZ1,CPZ1,CPZ1
,SGP2,SGP2,SGP2
,VRC2,VRC2,VRC2
,SSTR,SSTR,SSTR
,ISD2,ISD2,ISD2
,BJR,BJR,BJR
,RFE,RFE,RFE
,AGJ2,AGJ2,AGJ2
,CPBI,CPBI,CPBI
,JDN,JDN,JDN
,CITE,CITE,CITE
,E707,E707,E707
,E706,E706,E706
,E767,E767,E767
,E298,E298,E298
,E820,E820,E820
,E769,E769,E769
,E343,E343,E343
,E313,E313,E313
,AJMB,AJMB,AJMB
,E811,E811,E811
,2031,2031,2031
,E768,E768,E768
,E570,E570,E570
,E403,E403,E403
,CPIM,CPIM,CPIM
,CPMO,CPMO,CPMO
,CPPB,CPPB,CPPB
,CYTB,CYTB,CYTB
,EST2,EST2,EST2
,HBE2,HBE2,HBE2
,JBMB,JBMB,JBMB
,JEZB,JEZB,JEZB
,POL,POL,POL
,2012,2012,2012
,2022,2022,2022
,POPE,POPE,POPE
,2130,2130,2130
,E770,E770,E770
,2084,2084,2084
,SRBS,SRBS,SRBS
,SAJ2,SAJ2,SAJ2
,E774,E774,E774
,AEPP,AEPP,AEPP
,CPNC,CPNC,CPNC
,E555,E555,E555
,E506,E506,E506
,FEA2,FEA2,FEA2
,E771,E771,E771
,DMFR,DMFR,DMFR
,WFP2,WFP2,WFP2
